distrito,zona,lat,lon
RIO PEQUENO,ZEIS_1,-23.574549675142766,-46.75857967949296
RIO PEQUENO,ZEIS_1,-23.57932736438978,-46.77717807770305
RIO PEQUENO,ZEIS_1,-23.56095330560062,-46.744292938008876
RIO PEQUENO,ZEIS_2,-23.56005546901835,-46.744369952828976
RIO PEQUENO,ZM_u,-23.56692327794814,-46.75895798595796
RIO PEQUENO,ZM_u,-23.56068151357017,-46.754461810729815
RIO PEQUENO,ZM_u,-23.578801418244762,-46.75292634814563
RIO PEQUENO,ZM_u,-23.57405136120443,-46.74967922008598
RIO PEQUENO,ZM_u,-23.57770983055078,-46.76464718179687
RIO PEQUENO,ZM_u,-23.561122620124223,-46.75776612680746
RIO PEQUENO,ZM_u,-23.55910844744005,-46.75891862516906
RIO PEQUENO,ZM_u,-23.568375763027575,-46.74911504308086
RIO PEQUENO,ZM_u,-23.563080996271438,-46.76212487579682
CIDADE TIRADENTES,ZEIS_1,-23.571795103465487,-46.38537023234594
CIDADE TIRADENTES,ZEIS_1,-23.573595806334776,-46.395851024692575
CIDADE TIRADENTES,ZEIS_1,-23.570417919525834,-46.41069316684275
CIDADE TIRADENTES,ZEIS_1,-23.586987937184595,-46.39644730196826
CIDADE TIRADENTES,ZEIS_1,-23.58442279807423,-46.383603609055406
CIDADE TIRADENTES,ZEIS_1,-23.587131836088933,-46.38363201572317
CIDADE TIRADENTES,ZEIS_1,-23.581687555345564,-46.386514449818726
CIDADE TIRADENTES,ZEIS_1,-23.585036262813976,-46.413606517358566
CIDADE TIRADENTES,ZEIS_1,-23.57692798367707,-46.41153206508219
CIDADE TIRADENTES,ZEIS_1,-23.571137115618118,-46.420678487734875
CIDADE TIRADENTES,ZEIS_2,-23.563370717601423,-46.412218762286166
CIDADE TIRADENTES,ZEIS_2,-23.575122440359348,-46.38557728724628
CIDADE TIRADENTES,ZMIS_a,-23.576640271237988,-46.39363639563573
CIDADE TIRADENTES,ZMIS_a,-23.59154619777964,-46.39430880298287
CIDADE TIRADENTES,ZMIS_a,-23.589430098864614,-46.40388325409315
CIDADE TIRADENTES,ZMIS_a,-23.582250590492805,-46.39673687103072
CIDADE TIRADENTES,ZMIS_a,-23.594742702846098,-46.41472006396875
CIDADE TIRADENTES,ZMIS_a,-23.595455156032564,-46.398091532416416
CIDADE TIRADENTES,ZMIS_a,-23.59517619437507,-46.41136586895181
CIDADE TIRADENTES,ZMIS_a,-23.596951357967182,-46.39329204751675
CIDADE TIRADENTES,ZMIS_a,-23.601376479345102,-46.39298615622184
CIDADE TIRADENTES,ZMIS_a,-23.59803218093809,-46.39115471417977
CIDADE TIRADENTES,ZMIS_a,-23.60955883348331,-46.398441673107556
CIDADE TIRADENTES,ZMIS_a,-23.586990035563037,-46.395769767789055
CIDADE TIRADENTES,ZMIS_a,-23.608855269397594,-46.40153620441434
CIDADE TIRADENTES,ZMIS_a,-23.59895692698743,-46.3936220808255
CIDADE TIRADENTES,ZMIS_a,-23.60010071981925,-46.40433989670896
CIDADE TIRADENTES,ZMIS_a,-23.60499269405967,-46.39951525573747
CIDADE TIRADENTES,ZMIS_a,-23.586968175630137,-46.39024549987121
CIDADE TIRADENTES,ZM_a,-23.597803635523572,-46.40636268024437
CIDADE TIRADENTES,ZM_a,-23.57588919073486,-46.410667651056
JARDIM SAO LUIS,ZEIS_1,-23.6784082148487,-46.74947536679425
JARDIM SAO LUIS,ZEIS_1,-23.6812161785619,-46.74068857373387
JARDIM SAO LUIS,ZEIS_1,-23.683957757444414,-46.73778344634516
JARDIM SAO LUIS,ZEIS_1,-23.68660016357831,-46.743701463413394
JARDIM SAO LUIS,ZEIS_1,-23.70403589259756,-46.74696749012495
JARDIM SAO LUIS,ZEIS_1,-23.65841281898105,-46.749901936882914
JARDIM SAO LUIS,ZEIS_1,-23.655168757095662,-46.727729939799886
JARDIM SAO LUIS,ZEIS_1,-23.6625298611758,-46.742077465294734
JARDIM SAO LUIS,ZEIS_1,-23.673231274868083,-46.7539841902536
JARDIM SAO LUIS,ZEIS_1,-23.665172161862323,-46.74799456186421
JARDIM SAO LUIS,ZEIS_1,-23.65995310213152,-46.730279594859056
JARDIM SAO LUIS,ZEIS_1,-23.673264549779947,-46.751043422483846
JARDIM SAO LUIS,ZEIS_1,-23.66527144645237,-46.739172755049275
JARDIM SAO LUIS,ZEIS_1,-23.66456359519418,-46.759165495173434
JARDIM SAO LUIS,ZEIS_1,-23.659179904129374,-46.75615256094641
JARDIM SAO LUIS,ZEIS_2,-23.661264882060816,-46.73771621604886
JARDIM SAO LUIS,ZEIS_3,-23.65765801516212,-46.725322639694866
JARDIM SAO LUIS,ZER_a,-23.68934822958416,-46.75035993371303
JARDIM SAO LUIS,ZER_a,-23.696898262170354,-46.751256820919885
JARDIM SAO LUIS,ZM_u,-23.682908643203618,-46.74067769946106
JARDIM SAO LUIS,ZM_u,-23.654430122987524,-46.75332756464337
JARDIM SAO LUIS,ZM_u,-23.645237416049994,-46.748740059156745
PONTE RASA,ZEIS_1,-23.507766780455274,-46.48593501130898
PONTE RASA,ZM_u,-23.523941685483333,-46.483377377418506
LIBERDADE,ZEIS_3,-23.558985155348697,-46.62649575549511
LIBERDADE,ZM_u,-23.565241942451202,-46.633877925677616
LIBERDADE,ZM_u,-23.56623696367212,-46.628360988685316
VILA PRUDENTE,ZEIS_1,-23.593822866732935,-46.5824067135141
VILA PRUDENTE,ZEIS_3,-23.59917535363977,-46.5783863645241
VILA PRUDENTE,ZM_u,-23.6008081062961,-46.55977614562558
VILA PRUDENTE,ZM_u,-23.597322292660447,-46.57236891041177
CACHOEIRINHA,ZEIS_1,-23.480501016693406,-46.66572269173613
CACHOEIRINHA,ZEIS_1,-23.463451764707813,-46.654284415742346
CACHOEIRINHA,ZEIS_1,-23.462801471836677,-46.66361539807925
CACHOEIRINHA,ZEIS_1,-23.460092744355418,-46.66358144640182
CACHOEIRINHA,ZEIS_1,-23.454706570188907,-46.66057751265399
CACHOEIRINHA,ZER_a,-23.441102463117858,-46.667981402439906
CACHOEIRINHA,ZM_u,-23.470000793355826,-46.658799555707354
SAO LUCAS,ZEIS_1,-23.611622568298465,-46.53864733195961
SAO LUCAS,ZEIS_2,-23.60813803657278,-46.539708667057745
SAO LUCAS,ZM_u,-23.585939110491033,-46.53653861167367
SAO LUCAS,ZM_u,-23.602801953182222,-46.548891664848
CAMBUCI,ZM_u,-23.563001768124558,-46.60958095566015
CAMBUCI,ZM_u,-23.557861374251203,-46.61057984424618
CAMBUCI,ZM_u,-23.562836807258197,-46.61317175342329
VILA MARIA,ZEIS_1,-23.51893109332468,-46.55793678540617
VILA MARIA,ZEIS_1,-23.520092289931938,-46.57479254665857
VILA MARIA,ZEIS_1,-23.52023388035204,-46.572026482175495
VILA MARIA,ZEIS_2,-23.525488014955375,-46.578927807394315
VILA MARIA,ZEIS_2,-23.508127096782594,-46.56159678468126
VILA MARIA,ZEIS_2,-23.508116696020373,-46.559603881920964
VILA MARIA,ZEIS_2,-23.500868148951543,-46.56164095115908
VILA MARIA,ZEIS_2,-23.51121615714545,-46.559950834323445
VILA MARIA,ZEMP,-23.52342029212366,-46.581677977598105
ALTO DE PINHEIROS,ZER_1,-23.54949351480637,-46.71662108983647
SAO MIGUEL,ZEIS_1,-23.487835889167567,-46.45138997638247
SAO MIGUEL,ZEIS_1,-23.52433480374622,-46.44246000330148
SAO MIGUEL,ZM_u,-23.497842056623508,-46.448991704742554
VILA SONIA,ZEIS_1,-23.592554677863088,-46.750904262459706
VILA SONIA,ZEIS_1,-23.609207551396427,-46.72775204563541
VILA SONIA,ZEIS_2,-23.592296449699678,-46.7475200029871
VILA SONIA,ZM_a,-23.593026790604547,-46.75732594617669
VILA SONIA,ZM_a,-23.585125173136916,-46.74487074247549
VILA SONIA,ZM_a,-23.595445900285252,-46.74982254327754
VILA SONIA,ZM_a,-23.592210192736864,-46.74449245533022
VILA SONIA,ZM_u,-23.600566202968576,-46.72869128496773
VILA SONIA,ZM_u,-23.614317593749306,-46.73719190168413
VILA SONIA,ZM_u,-23.5975400455023,-46.72905948102496
VILA SONIA,ZM_u,-23.585484818775445,-46.73913767044089
VILA SONIA,ZM_u,-23.600140650251003,-46.726017997123535
VILA SONIA,ZM_u,-23.604719997501228,-46.72839744898668
VILA SONIA,ZM_u,-23.607509311663915,-46.73446934615095
MOEMA,ZM_u,-23.575728377137732,-46.65243291594426
IGUATEMI,ZEIS_1,-23.609972928475976,-46.41629367546557
IGUATEMI,ZEIS_1,-23.619352863889755,-46.432448356239924
IGUATEMI,ZEIS_1,-23.60552755977267,-46.430993967886565
IGUATEMI,ZEIS_1,-23.59766126569752,-46.4237861837959
IGUATEMI,ZEIS_1,-23.596494663790914,-46.446002971970195
IGUATEMI,ZEIS_1,-23.59460440801783,-46.41999802646356
IGUATEMI,ZEIS_1,-23.613821178321924,-46.44726365365425
IGUATEMI,ZEIS_1,-23.608430650111973,-46.44426439587178
IGUATEMI,ZEIS_1,-23.60298535636156,-46.44714467826528
IGUATEMI,ZEIS_1,-23.618957011577155,-46.417522538313186
IGUATEMI,ZEIS_1,-23.621719609458747,-46.41167149420275
IGUATEMI,ZEIS_1,-23.618983841622384,-46.414582503478776
IGUATEMI,ZEIS_1,-23.61553827186877,-46.426152369352906
IGUATEMI,ZEIS_1,-23.607357207389416,-46.43194394507334
IGUATEMI,ZEIS_1,-23.612748000245315,-46.434942685469544
IGUATEMI,ZEIS_2,-23.599104834785738,-46.434333621793044
IGUATEMI,ZEIS_2,-23.6017063076864,-46.44457024060563
IGUATEMI,ZEIS_2,-23.601403968793083,-46.448800506210254
IGUATEMI,ZEIS_2,-23.609099555895384,-46.41472172994442
IGUATEMI,ZEIS_2,-23.600945758310168,-46.41757415053402
IGUATEMI,ZEIS_2,-23.60731998487234,-46.43981897973382
IGUATEMI,ZEIS_2,-23.609826483175585,-46.42776790514266
IGUATEMI,ZEIS_2,-23.60737651192848,-46.43779847167804
IGUATEMI,ZEIS_2,-23.60315079412031,-46.45521665956327
IGUATEMI,ZEIS_5,-23.596696385810336,-46.426977446698864
IGUATEMI,ZM_a,-23.620165060402794,-46.42011342878515
IGUATEMI,ZM_a,-23.600855140546784,-46.450549804129345
IGUATEMI,ZM_a,-23.6016138993064,-46.42329413289929
ITAQUERA,ZEIS_1,-23.5250519708194,-46.47245064446154
ITAQUERA,ZEIS_1,-23.527871671695866,-46.460729027355406
ITAQUERA,ZEIS_1,-23.522453735286433,-46.460669222409884
ITAQUERA,ZEIS_1,-23.52970096811971,-46.46086252744305
LAJEADO,ZEIS_1,-23.532541342898845,-46.42177644057302
LAJEADO,ZEIS_1,-23.532568160995005,-46.41883833470734
LAJEADO,ZEIS_1,-23.527806016729354,-46.39418077413217
LAJEADO,ZEIS_1,-23.52514949235447,-46.3882762763313
LAJEADO,ZEIS_1,-23.536168539303137,-46.40888061831051
LAJEADO,ZEIS_1,-23.530750485281033,-46.408822912901364
LAJEADO,ZEIS_1,-23.520608003945558,-46.427257981656275
LAJEADO,ZEIS_1,-23.541332397323238,-46.39926819793985
LAJEADO,ZEIS_1,-23.544120483393097,-46.39048168506533
LAJEADO,ZEIS_1,-23.527655757121078,-46.431375029179634
LAJEADO,ZEIS_1,-23.530594165546585,-46.397660016045194
LAJEADO,ZEIS_2,-23.530889613436706,-46.42769166308951
LAJEADO,ZEIS_2,-23.53721573394868,-46.423264505650565
LAJEADO,ZM_u,-23.54406960201389,-46.398791101532105
LAJEADO,ZM_u,-23.53030438227407,-46.40545994936009
LAJEADO,ZM_u,-23.540500474644904,-46.40354954939002
LAJEADO,ZM_u,-23.547704021863908,-46.39752081672774
CAMPO GRANDE,ZEIS_3,-23.690154141306795,-46.68727329551738
CAMPO GRANDE,ZM_u,-23.688188090481333,-46.67443126966353
CAMPO GRANDE,ZM_u,-23.658989118843312,-46.68939832382752
CAMPO GRANDE,ZM_u,-23.67569193743579,-46.67601849023508
CAMPO GRANDE,ZM_u,-23.66497039700639,-46.684359416287336
CAMPO GRANDE,ZM_u,-23.668854646103124,-46.674793153251926
CAMPO GRANDE,ZM_u,-23.67975896632375,-46.67703901857106
CAMPO GRANDE,ZM_u,-23.679539678752636,-46.67276819104148
CAMPO GRANDE,ZM_u,-23.698497761754556,-46.68508743848774
CAMPO GRANDE,ZM_u,-23.684787243652806,-46.68873319049528
CAMPO GRANDE,ZM_u,-23.66612136802537,-46.69619274947852
CAMPO GRANDE,ZM_u,-23.67418912291728,-46.67446176379333
CAMPO GRANDE,ZM_u,-23.6607213702034,-46.68063505395429
JOSE BONIFACIO,ZEIS_1,-23.58180063401326,-46.42175505428593
JOSE BONIFACIO,ZEIS_1,-23.576548563108044,-46.43940905683881
JOSE BONIFACIO,ZEIS_1,-23.591207872776945,-46.43858684493828
JOSE BONIFACIO,ZEIS_1,-23.587321960089575,-46.43935447193591
JOSE BONIFACIO,ZEIS_1,-23.588176518170947,-46.42082555264487
JOSE BONIFACIO,ZEIS_1,-23.55393460037115,-46.42899019861529
JOSE BONIFACIO,ZEIS_1,-23.566699196983976,-46.42120346805769
JOSE BONIFACIO,ZEIS_2,-23.572521447928853,-46.4249062820531
JOSE BONIFACIO,ZEIS_2,-23.568379860855043,-46.43046707949859
JOSE BONIFACIO,ZEIS_2,-23.57076354660136,-46.42942447059665
JOSE BONIFACIO,ZEIS_2,-23.591211230993984,-46.432245545610385
JOSE BONIFACIO,ZEIS_2,-23.56774351611339,-46.426587103323925
JOSE BONIFACIO,ZEIS_2,-23.583564906956834,-46.43648674081568
JOSE BONIFACIO,ZEIS_2,-23.585214118373685,-46.42702248635992
JOSE BONIFACIO,ZEIS_2,-23.587370181115404,-46.42033336860267
JOSE BONIFACIO,ZEIS_5,-23.57988407261898,-46.440787741879106
JOSE BONIFACIO,ZEIS_5,-23.555935435768706,-46.428256978124864
JOSE BONIFACIO,ZMIS_u,-23.554228682543954,-46.43846123756746
JOSE BONIFACIO,ZMIS_u,-23.551767006578434,-46.44427008750118
JOSE BONIFACIO,ZMIS_u,-23.547350528146175,-46.44071790257005
JOSE BONIFACIO,ZMIS_u,-23.540623727904258,-46.432846501281716
CANGAIBA,ZEIS_1,-23.50017060659278,-46.5321995410004
CANGAIBA,ZEIS_1,-23.505391515835914,-46.494363744898855
CANGAIBA,ZEIS_1,-23.507343161752175,-46.522457405659495
CANGAIBA,ZEIS_1,-23.499414060304296,-46.512340976592775
CANGAIBA,ZEIS_1,-23.50264727126026,-46.53499620049333
CANGAIBA,ZEIS_1,-23.503106495819218,-46.51598211092898
CANGAIBA,ZEIS_1,-23.494781932262,-46.505454318137694
CANGAIBA,ZM_u,-23.50825691038771,-46.528254737299854
CANGAIBA,ZM_u,-23.511728568612405,-46.53564506068225
CANGAIBA,ZM_u,-23.50042748092141,-46.52216702091689
CANGAIBA,ZM_u,-23.499806635478564,-46.50163870281725
CANGAIBA,ZM_u,-23.508555315170113,-46.51206618287353
CANGAIBA,ZM_u,-23.509970057613806,-46.51880374836903
MORUMBI,ZEIS_1,-23.607890497635065,-46.70102118717492
MORUMBI,ZER_1,-23.60516350613704,-46.72031946329667
MORUMBI,ZER_1,-23.595871176514706,-46.71172981235617
MORUMBI,ZER_1,-23.596791051443724,-46.698625178632554
MORUMBI,ZER_1,-23.60265027230101,-46.705751805371214
MORUMBI,ZM_u,-23.604821404135972,-46.70524570619075
MORUMBI,ZM_u,-23.601374423558912,-46.71069525829592
MORUMBI,ZM_u,-23.611872332502035,-46.7009639937366
MORUMBI,ZM_u,-23.59865077124999,-46.697176084855954
MORUMBI,ZM_u,-23.608375657544254,-46.700413596818734
TREMEMBE,ZEIS_1,-23.448041655590423,-46.62484345965791
TREMEMBE,ZEIS_1,-23.434212031590494,-46.587974691656676
TREMEMBE,ZEIS_1,-23.43254848240032,-46.5949794828957
TREMEMBE,ZEIS_1,-23.419156376267228,-46.59140384455922
TREMEMBE,ZEIS_1,-23.443859153487576,-46.586754641180114
TREMEMBE,ZEIS_1,-23.44659782039162,-46.58385102181386
TREMEMBE,ZEIS_1,-23.451040586608652,-46.5913706829307
TREMEMBE,ZEIS_1,-23.44803092428944,-46.60821190227018
TREMEMBE,ZEIS_1,-23.419506827301582,-46.58554960146278
TREMEMBE,ZEIS_1,-23.42753348478391,-46.58387405075797
TREMEMBE,ZEIS_1,-23.433461408919488,-46.57473134231858
TREMEMBE,ZEIS_1,-23.436229393202616,-46.56889190395576
TREMEMBE,ZEIS_1,-23.444296827137244,-46.57485976301469
TREMEMBE,ZEIS_1,-23.430782135985364,-46.571763602955635
TREMEMBE,ZEIS_1,-23.441558319517426,-46.57776353116085
TREMEMBE,ZEIS_2,-23.43119030808009,-46.57884607873853
TREMEMBE,ZER_1,-23.46104533190283,-46.61634052135794
TREMEMBE,ZER_a,-23.448247338565153,-46.61784061947276
TREMEMBE,ZER_a,-23.444327530507135,-46.61568519396343
TREMEMBE,ZER_a,-23.452309565936474,-46.61638556670443
TREMEMBE,ZM_a,-23.404129156564423,-46.57904640786344
TREMEMBE,ZM_a,-23.430566399577156,-46.58580497849454
TREMEMBE,ZM_a,-23.441634745709223,-46.585480972811666
TREMEMBE,ZM_a,-23.44561531524285,-46.59476495291593
TREMEMBE,ZM_a,-23.45235583924244,-46.626637094043865
TREMEMBE,ZM_a,-23.451741172238105,-46.62461158063937
TREMEMBE,ZM_a,-23.451772940493374,-46.63048035781379
TREMEMBE,ZM_u,-23.460172645316494,-46.5932983837523
TREMEMBE,ZM_u,-23.46480182616095,-46.59377658725327
CIDADE DUTRA,ZEIS_1,-23.692298676271978,-46.69557053477747
CIDADE DUTRA,ZEIS_1,-23.728072307466153,-46.69654864126735
CIDADE DUTRA,ZEIS_1,-23.70691365072036,-46.68846188612639
CIDADE DUTRA,ZEIS_1,-23.72105902030668,-46.6843655426383
CIDADE DUTRA,ZEIS_1,-23.72144189375984,-46.67223336340139
CIDADE DUTRA,ZEIS_1,-23.69977208817522,-46.691433711367175
CIDADE DUTRA,ZEIS_1,-23.715086700463058,-46.67894632526804
CIDADE DUTRA,ZEIS_1,-23.71968410009578,-46.696570032642164
CIDADE DUTRA,ZEIS_1,-23.73442661104473,-46.713737618553
CIDADE DUTRA,ZEIS_1,-23.726671807201882,-46.704863362974415
CIDADE DUTRA,ZER_a,-23.72132782952287,-46.71197618322036
CIDADE DUTRA,ZER_a,-23.750492499827544,-46.717805000081775
CIDADE DUTRA,ZER_a,-23.75215976204253,-46.716460863227866
CIDADE DUTRA,ZM_a,-23.75620152066363,-46.711378986776545
CIDADE DUTRA,ZM_a,-23.71671068560733,-46.676680167084626
CIDADE DUTRA,ZM_a,-23.719112012972218,-46.702830737868446
CIDADE DUTRA,ZM_a,-23.74994489034721,-46.70752352006761
CIDADE DUTRA,ZM_a,-23.729543848364283,-46.711321117804566
CIDADE DUTRA,ZM_a,-23.725922278388623,-46.70992553250346
CIDADE DUTRA,ZM_a,-23.759069172007024,-46.71156703623398
CIDADE DUTRA,ZM_a,-23.732935622593924,-46.6947553817088
CIDADE DUTRA,ZM_a,-23.718166518444306,-46.70592841481942
CIDADE DUTRA,ZM_a,-23.726708654638713,-46.6967931850482
CIDADE DUTRA,ZM_a,-23.747599986354054,-46.713379004453614
BUTANTA,ZM_u,-23.575001398986718,-46.73170767906839
BUTANTA,ZM_u,-23.5768798793339,-46.732020819044834
BUTANTA,ZM_u,-23.569128973349766,-46.728759734640114
BUTANTA,ZM_u,-23.580623313265406,-46.74636644832381
PARELHEIROS,ZEIS_1,-23.84631730034874,-46.738156781028316
PARELHEIROS,ZEIS_1,-23.84561488830953,-46.735558626140474
PARELHEIROS,ZEIS_1,-23.844441495218337,-46.738978289369705
PARELHEIROS,ZEIS_1,-23.798839816853405,-46.73522953895786
PARELHEIROS,ZEIS_1,-23.793381051542273,-46.73437704628226
PARELHEIROS,ZEIS_1,-23.7960787170003,-46.70681513871444
PARELHEIROS,ZEIS_1,-23.8248113221742,-46.724520623997385
PARELHEIROS,ZEIS_1,-23.79039905709508,-46.72317311519579
PARELHEIROS,ZEIS_1,-23.7853938819343,-46.71191122369514
PARELHEIROS,ZEIS_1,-23.824866224279887,-46.70412216929809
PARELHEIROS,ZEIS_1,-23.813999477619358,-46.70692468006767
PARELHEIROS,ZEIS_1,-23.84950971221833,-46.71287963605912
PARELHEIROS,ZEIS_1,-23.83459393998423,-46.72561197630108
PARELHEIROS,ZEIS_1,-23.800940641878878,-46.727846376012884
PARELHEIROS,ZEIS_1,-23.794044189022237,-46.73788792813987
PARELHEIROS,ZEIS_1,-23.76740391219895,-46.72131811961468
PARELHEIROS,ZEIS_1,-23.86290009709972,-46.714171058760265
PARELHEIROS,ZEIS_1,-23.85754851667084,-46.70820980422554
PARELHEIROS,ZEIS_1,-23.865641380957413,-46.7112615601236
PARELHEIROS,ZEIS_1,-23.862932860825183,-46.71122596257692
PARELHEIROS,ZEIS_4,-23.774171305249794,-46.71271341816226
PARELHEIROS,ZEIS_4,-23.846391553638835,-46.71337444181749
PARELHEIROS,ZEIS_4,-23.82422885620646,-46.725545498558006
PARELHEIROS,ZEIS_4,-23.8151717538296,-46.70788234044188
PARELHEIROS,ZER_a,-23.746083297702448,-46.75052610824625
PARELHEIROS,ZER_a,-23.750746463243075,-46.76024960633388
PARELHEIROS,ZER_a,-23.74629563722363,-46.760189824115315
PARELHEIROS,ZM_a,-23.838929444435056,-46.73398577852316
PARELHEIROS,ZM_a,-23.778008788142433,-46.71453673094845
PARELHEIROS,ZM_a,-23.801669609449792,-46.73283754843994
PARELHEIROS,ZM_a,-23.828432091913243,-46.716188656385825
PARELHEIROS,ZM_a,-23.815273778872896,-46.73407954371492
PARELHEIROS,ZM_a,-23.781770461178414,-46.71549865073671
PARELHEIROS,ZM_a,-23.830098670737996,-46.715574885511025
PARELHEIROS,ZM_a,-23.82493670586618,-46.71860676535749
PARELHEIROS,ZM_a,-23.87095334908536,-46.675517348928906
PARELHEIROS,ZM_a,-23.83163379406085,-46.70884974010493
PARELHEIROS,ZM_a,-23.836206213514902,-46.727321948403834
PARELHEIROS,ZM_a,-23.796513158645602,-46.74284832084529
PARELHEIROS,ZM_a,-23.814203200708036,-46.73625222432411
PARELHEIROS,ZM_a,-23.77664455251415,-46.72076357274522
PARELHEIROS,ZM_a,-23.774997746492797,-46.719480451933535
PARELHEIROS,ZM_a,-23.86878060461427,-46.755530134547634
PARELHEIROS,ZM_a,-23.787522739574783,-46.71477785048636
PARELHEIROS,ZM_a,-23.798549211096468,-46.73639771404226
PARELHEIROS,ZM_a,-23.829229577735994,-46.7118517552365
PARELHEIROS,ZM_a,-23.829343782781898,-46.737383248723276
PARELHEIROS,ZM_a,-23.826636202097877,-46.73832091103157
PARELHEIROS,ZM_a,-23.856506643345842,-46.69026833293074
PARELHEIROS,ZM_a,-23.847769176373617,-46.69610175799437
SAO RAFAEL,ZEIS_1,-23.63519043741858,-46.46357630865217
SAO RAFAEL,ZEIS_1,-23.629827953438824,-46.457635642704474
SAO RAFAEL,ZEIS_1,-23.62022815408384,-46.44488427254422
SAO RAFAEL,ZEIS_1,-23.63867607439987,-46.43856336884068
SAO RAFAEL,ZEIS_1,-23.638593990166605,-46.447384686418026
SAO RAFAEL,ZEIS_1,-23.625049254197545,-46.44723579074722
SAO RAFAEL,ZEIS_1,-23.627730744605856,-46.450205749509884
SAO RAFAEL,ZEIS_1,-23.634910354906022,-46.4658578933719
SAO RAFAEL,ZEIS_1,-23.62709504897912,-46.46680036027454
SAO RAFAEL,ZEIS_1,-23.619628112568194,-46.44814464399846
SAO RAFAEL,ZEIS_1,-23.619573123863216,-46.45402465138819
SAO RAFAEL,ZEIS_1,-23.62225448537547,-46.45699461089396
SAO RAFAEL,ZEIS_2,-23.631851817633006,-46.436784146262504
SAO RAFAEL,ZEIS_2,-23.63862687862719,-46.47138363795132
SAO RAFAEL,ZEIS_2,-23.636010514881647,-46.45154614344677
SAO RAFAEL,ZEIS_2,-23.633301573750447,-46.451516273462865
SAO RAFAEL,ZEIS_2,-23.62454674783131,-46.442192656503074
SAO RAFAEL,ZM_a,-23.61944389389168,-46.46122445185693
SAO RAFAEL,ZM_a,-23.63901648395316,-46.45209204504164
SAO RAFAEL,ZM_a,-23.62270127619244,-46.44064037326701
SAO RAFAEL,ZM_u,-23.626790958091863,-46.47704070754196
GUAIANASES,ZEIS_1,-23.569158553693683,-46.38764283802956
GUAIANASES,ZEIS_1,-23.561456373202937,-46.39312195137198
GUAIANASES,ZEIS_1,-23.551297214035003,-46.42318346245467
GUAIANASES,ZEIS_1,-23.550444968015313,-46.41517278957777
GUAIANASES,ZEIS_1,-23.559015548659627,-46.416835756069204
GUAIANASES,ZEIS_1,-23.55909564138136,-46.40801964162899
GUAIANASES,ZEIS_1,-23.561895186107755,-46.420462407199004
GUAIANASES,ZEIS_2,-23.568823950778334,-46.39116421566313
GUAIANASES,ZEIS_2,-23.566467411858188,-46.38422505586456
GUAIANASES,ZEIS_2,-23.564703727362982,-46.390832070651754
GUAIANASES,ZEIS_2,-23.558505883488653,-46.39248941895919
GUAIANASES,ZMIS_u,-23.541086156213762,-46.422061436841645
GUAIANASES,ZMIS_u,-23.563995638607338,-46.39974277436541
GUAIANASES,ZMIS_u,-23.568941656281424,-46.39835016934615
GUAIANASES,ZM_u,-23.560542453670617,-46.40001169508805
GUAIANASES,ZM_u,-23.55626690533732,-46.406130836081346
GUAIANASES,ZM_u,-23.55101681222956,-46.401920748622956
GUAIANASES,ZM_u,-23.557660517103916,-46.39338943002152
GUAIANASES,ZM_u,-23.547652765467404,-46.405892483647655
TATUAPE,ZM_u,-23.530571071546394,-46.57271931384442
TATUAPE,ZM_u,-23.524801068339677,-46.56171376241477
TATUAPE,ZM_u,-23.530696611447265,-46.58201808277338
TATUAPE,ZM_u,-23.536483851734037,-46.55872658903826
VILA FORMOSA,ZEIS_1,-23.581708325229815,-46.53352877306988
PIRITUBA,ZEIS_1,-23.47153088847803,-46.7163063728791
PIRITUBA,ZEIS_1,-23.454767299485297,-46.71668412476125
PIRITUBA,ZEIS_1,-23.459070315239153,-46.71853554835841
PIRITUBA,ZEIS_1,-23.481202231228636,-46.752576413893216
PIRITUBA,ZEIS_1,-23.47593942148878,-46.74708607984087
PIRITUBA,ZEIS_2,-23.50147469752627,-46.72339615310163
PIRITUBA,ZEIS_2,-23.469293570969306,-46.71274011910596
PIRITUBA,ZEIS_5,-23.500758536093294,-46.71945332980289
PIRITUBA,ZEIS_5,-23.477756724922454,-46.74431156527607
PIRITUBA,ZEMP,-23.499381631106548,-46.71258409511698
PIRITUBA,ZEMP,-23.49881927370004,-46.707086124871694
PIRITUBA,ZM_u,-23.476935592333902,-46.74059048381435
PIRITUBA,ZM_u,-23.483557921302676,-46.73831027063373
PIRITUBA,ZM_u,-23.47935013817803,-46.74885447948372
PIRITUBA,ZM_u,-23.47687646289388,-46.75053230937646
PIRITUBA,ZM_u,-23.483888044284242,-46.725665628091456
PIRITUBA,ZM_u,-23.48054708860822,-46.71017477678095
PIRITUBA,ZM_u,-23.4708320381558,-46.749386279202724
PIRITUBA,ZM_u,-23.479480648984815,-46.7298577742094
PIRITUBA,ZM_u,-23.47727863672782,-46.74105850277794
PIRITUBA,ZM_u,-23.481811635768477,-46.73472019419095
PIRITUBA,ZM_u,-23.48290374565831,-46.73544876727032
PIRITUBA,ZM_u,-23.476687103943505,-46.7391234982367
PIRITUBA,ZM_u,-23.47345834668551,-46.732917716999886
PIRITUBA,ZM_u,-23.469492428366475,-46.72665857018861
PIRITUBA,ZM_u,-23.50496178284575,-46.718858841859536
PIRITUBA,ZM_u,-23.498090215135324,-46.72669439096454
PIRITUBA,ZM_u,-23.50430639393623,-46.715309404841655
PIRITUBA,ZM_u,-23.490954124090436,-46.73414302756938
PIRITUBA,ZM_u,-23.46568170747159,-46.717373979080065
CIDADE LIDER,ZEIS_1,-23.574968855228047,-46.48548646007594
CIDADE LIDER,ZEIS_1,-23.55534585910863,-46.50181473009611
CIDADE LIDER,ZEIS_1,-23.56303198739114,-46.48086858622849
CIDADE LIDER,ZEIS_1,-23.572265219687075,-46.49175323392583
CIDADE LIDER,ZEIS_2,-23.56539244104216,-46.49740470473661
CIDADE LIDER,ZM_u,-23.56221470263239,-46.50552369080966
CIDADE LIDER,ZM_u,-23.563799158219727,-46.50094255333074
CIDADE LIDER,ZM_u,-23.561053744748758,-46.49536321324821
CIDADE LIDER,ZM_u,-23.557754881788643,-46.483055939606906
CIDADE LIDER,ZM_u,-23.558632144661704,-46.47785107857454
CIDADE LIDER,ZM_u,-23.568892778071646,-46.495963948463704
PINHEIROS,ZM_u,-23.56783047668299,-46.69830557346033
PINHEIROS,ZM_u,-23.572638371730957,-46.69494333562583
PINHEIROS,ZM_u,-23.570419491890483,-46.695444484925495
VILA ANDRADE,ZEIS_1,-23.62114996507828,-46.7287605074894
VILA ANDRADE,ZEIS_1,-23.615765522498982,-46.72574989425558
VILA ANDRADE,ZEIS_1,-23.63671542135665,-46.74204766205481
VILA ANDRADE,ZEIS_5,-23.62186698509877,-46.72938135591884
VILA ANDRADE,ZER_1,-23.614762862254455,-46.71738456122704
VILA ANDRADE,ZER_1,-23.618319719260935,-46.71495965416206
VILA ANDRADE,ZM_u,-23.623765029780042,-46.72165469038201
VILA ANDRADE,ZM_u,-23.623862749391517,-46.71937735334519
VILA ANDRADE,ZM_u,-23.629356312088575,-46.72478601979125
VILA ANDRADE,ZM_u,-23.631781027122518,-46.72955098108204
VILA ANDRADE,ZM_u,-23.62348959471065,-46.72990123879124
VILA ANDRADE,ZM_u,-23.629220243055528,-46.723107813209914
VILA ANDRADE,ZM_u,-23.62482133840891,-46.730717901837416
VILA ANDRADE,ZM_u,-23.62032375062191,-46.74316952537574
VILA ANDRADE,ZM_u,-23.620779151010925,-46.71119206739311
VILA ANDRADE,ZM_u,-23.62348775597242,-46.711227258726666
VILA ANDRADE,ZM_u,-23.62756254099286,-46.7382488508979
VILA ANDRADE,ZM_u,-23.63029159109273,-46.74066502071072
VILA ANDRADE,ZM_u,-23.62592121141961,-46.719281346513
VILA ANDRADE,ZM_u,-23.638568499097687,-46.73183898574319
VILA GUILHERME,ZEMP,-23.506941597605888,-46.609521059128724
VILA GUILHERME,ZEMP,-23.511578839307393,-46.60985744720177
VILA GUILHERME,ZEMP,-23.50969504534833,-46.61161711694054
VILA GUILHERME,ZEMP,-23.510117770895917,-46.61460207923187
VILA GUILHERME,ZEMP,-23.515407898075047,-46.598630457272435
VILA GUILHERME,ZEMP,-23.51181729693746,-46.59942144560898
VILA GUILHERME,ZEMP,-23.50944311065628,-46.60810523642582
VILA JACUI,ZEIS_1,-23.509461730058042,-46.45323421262773
VILA JACUI,ZEIS_1,-23.4836719971406,-46.46399763029832
VILA JACUI,ZEIS_1,-23.486380975275257,-46.4640275432908
VILA JACUI,ZEIS_1,-23.51242368200706,-46.45496897772989
VILA JACUI,ZEIS_1,-23.504935743972283,-46.46976227240507
VILA JACUI,ZEIS_1,-23.48509893042409,-46.46703202472936
VILA JACUI,ZEIS_1,-23.49286884913876,-46.46731532418919
VILA JACUI,ZEIS_1,-23.50651426322878,-46.46018875154354
VILA JACUI,ZEIS_1,-23.51268556582687,-46.46635545644805
VILA JACUI,ZEIS_1,-23.51060634818102,-46.473245561817514
IPIRANGA,ZEIS_1,-23.60198482438352,-46.596346098681515
IPIRANGA,ZEIS_2,-23.606713323292148,-46.59034756178462
IPIRANGA,ZEIS_3,-23.60527876891563,-46.581303401547686
IPIRANGA,ZM_u,-23.579210989366782,-46.60074922890743
ANHANGUERA,ZEIS_1,-23.435392672936736,-46.774162573537225
ANHANGUERA,ZEIS_1,-23.451551288529277,-46.79048065517135
ANHANGUERA,ZEIS_1,-23.442068431451602,-46.78819817521186
ANHANGUERA,ZEIS_1,-23.439388250401578,-46.7785812140291
ANHANGUERA,ZEIS_1,-23.437101248286407,-46.77488147661952
ANHANGUERA,ZEIS_1,-23.44148051459048,-46.79312204185006
ANHANGUERA,ZEIS_1,-23.445730096317817,-46.79590100941236
ANHANGUERA,ZEIS_1,-23.437782674766865,-46.80952891401052
ANHANGUERA,ZEIS_1,-23.446010145520905,-46.800832712084166
ANHANGUERA,ZEIS_1,-23.448752540959408,-46.79793373898295
ANHANGUERA,ZEIS_2,-23.444094168128064,-46.79378669966794
ANHANGUERA,ZER_a,-23.4298042498227,-46.76342290040228
ANHANGUERA,ZM_a,-23.450368486137688,-46.79087031129717
ANHANGUERA,ZM_a,-23.41866342279619,-46.811192854272484
ANHANGUERA,ZM_a,-23.44711484624866,-46.78794577550701
ANHANGUERA,ZM_a,-23.436328606896307,-46.767473447914114
ANHANGUERA,ZM_a,-23.436295336253785,-46.77040892262773
ANHANGUERA,ZM_u,-23.435722575771134,-46.781541839509174
ANHANGUERA,ZM_u,-23.44837569458157,-46.78442049909816
SAPOPEMBA,ZEIS_1,-23.603956189372695,-46.50722359317209
SAPOPEMBA,ZEIS_1,-23.617281038834694,-46.490958474809595
SAPOPEMBA,ZEIS_1,-23.619933324685537,-46.49686904287861
SAPOPEMBA,ZEIS_1,-23.62269883504615,-46.49101979564798
SAPOPEMBA,ZEIS_1,-23.590193182438334,-46.52384929214887
SAPOPEMBA,ZEIS_1,-23.61519950589552,-46.517766659609016
SAPOPEMBA,ZEIS_1,-23.616177798992418,-46.50861505706587
SAPOPEMBA,ZEIS_1,-23.597762713144306,-46.49957506152507
SAPOPEMBA,ZEIS_1,-23.591490841438535,-46.51046812823223
SAPOPEMBA,ZEIS_1,-23.61366487814322,-46.514242506000784
SAPOPEMBA,ZMIS_u,-23.604871612133884,-46.498202497232896
SAPOPEMBA,ZMIS_u,-23.604929779060118,-46.50392717795805
SAPOPEMBA,ZMIS_u,-23.604819472075476,-46.49990202164938
SAPOPEMBA,ZM_u,-23.62439770082156,-46.49617499809233
SAPOPEMBA,ZM_u,-23.621651243074727,-46.50740290068659
SAPOPEMBA,ZM_u,-23.622703215678296,-46.50510256186446
SAPOPEMBA,ZM_u,-23.618791881014335,-46.49967484066061
RAPOSO TAVARES,ZEIS_1,-23.598895244655832,-46.77519513632268
RAPOSO TAVARES,ZEIS_1,-23.595800767490328,-46.78763726123186
RAPOSO TAVARES,ZEIS_1,-23.591605788040326,-46.76308524096108
RAPOSO TAVARES,ZEIS_1,-23.5987803409488,-46.78819007944414
RAPOSO TAVARES,ZEIS_1,-23.60311514857505,-46.79344930102071
RAPOSO TAVARES,ZEIS_2,-23.588293024945138,-46.777189299290704
RAPOSO TAVARES,ZEIS_2,-23.583863442282087,-46.802428768928266
RAPOSO TAVARES,ZEIS_2,-23.574481376052404,-46.784304524094665
RAPOSO TAVARES,ZEIS_5,-23.58370668432148,-46.797765436039654
RAPOSO TAVARES,ZEIS_5,-23.58013277871312,-46.78577707692334
RAPOSO TAVARES,ZMIS_a,-23.587288324295944,-46.798655303051156
RAPOSO TAVARES,ZMIS_u,-23.600822982606527,-46.786858986818046
RAPOSO TAVARES,ZM_a,-23.60029872518703,-46.77793712436668
RAPOSO TAVARES,ZM_a,-23.601028223122498,-46.789980358610805
RAPOSO TAVARES,ZM_a,-23.59490528244016,-46.803838174111
RAPOSO TAVARES,ZM_a,-23.587225379813866,-46.805017497094326
RAPOSO TAVARES,ZM_a,-23.59241534048103,-46.77340663910488
RAPOSO TAVARES,ZM_a,-23.595117056274237,-46.77879926957256
RAPOSO TAVARES,ZM_a,-23.5833612551871,-46.78679904544487
RAPOSO TAVARES,ZM_a,-23.585880253538086,-46.76162280959214
RAPOSO TAVARES,ZM_a,-23.595431558717635,-46.79870635113123
RAPOSO TAVARES,ZM_a,-23.594443229873388,-46.7704997936493
LAPA,ZER_1,-23.52743502348282,-46.717922665481744
LAPA,ZER_1,-23.52895735928743,-46.71314461999247
LAPA,ZM_u,-23.515652405960978,-46.71467033725316
LAPA,ZM_u,-23.518216126536707,-46.696150854034066
LAPA,ZM_u,-23.534273569524398,-46.7063602371617
LAPA,ZM_u,-23.520068714610186,-46.694402757947564
LAPA,ZM_u,-23.51208546890677,-46.7149062956642
LAPA,ZM_u,-23.512821813060338,-46.698330379533274
LAPA,ZM_u,-23.528358064659013,-46.70791482646826
LAPA,ZM_u,-23.513316742220468,-46.710966787554774
JAGUARE,ZEIS_1,-23.546161663245954,-46.74182180211816
JAGUARE,ZEIS_3,-23.551809988835004,-46.753144955335166
JAGUARE,ZEIS_5,-23.54909297405232,-46.75524113530023
JAGUARE,ZM_u,-23.55470633782852,-46.74627535050286
JAGUARE,ZM_u,-23.5513181460665,-46.74560444866995
JAGUARE,ZM_u,-23.548518066133532,-46.75150284929742
JAGUARE,ZM_u,-23.53131016758389,-46.756830568555095
JAGUARE,ZM_u,-23.540494161735324,-46.75471182207817
GRAJAU,ZEIS_1,-23.75691934515686,-46.68730883866448
GRAJAU,ZEIS_1,-23.731449306629223,-46.678593895295585
GRAJAU,ZEIS_1,-23.737199259015917,-46.66440557253413
GRAJAU,ZEIS_1,-23.74812861675443,-46.65571551569633
GRAJAU,ZEIS_1,-23.739971150272318,-46.658555185920605
GRAJAU,ZEIS_1,-23.77414340157769,-46.67281811527821
GRAJAU,ZEIS_1,-23.760600360696422,-46.67264492619204
GRAJAU,ZEIS_1,-23.763277069860955,-46.67562246226949
GRAJAU,ZEIS_1,-23.738611794169255,-46.680526244553135
GRAJAU,ZEIS_1,-23.76850081101557,-46.70902888423752
GRAJAU,ZEIS_1,-23.765857277488124,-46.70310766190527
GRAJAU,ZEIS_1,-23.760472562719993,-46.700094341065714
GRAJAU,ZEIS_1,-23.765792253628508,-46.70899349575938
GRAJAU,ZEIS_1,-23.78294740257459,-46.68043722073683
GRAJAU,ZEIS_1,-23.785591782499598,-46.68635884035372
GRAJAU,ZEIS_1,-23.788332502742573,-46.6834503375825
GRAJAU,ZEIS_1,-23.822233504158895,-46.70024520781358
GRAJAU,ZEIS_1,-23.814107848279175,-46.70013933518692
GRAJAU,ZEIS_1,-23.754461289845032,-46.695264054472766
GRAJAU,ZEIS_1,-23.78031198518293,-46.673201905694825
GRAJAU,ZEIS_1,-23.75189179860462,-46.70045631650586
GRAJAU,ZEIS_1,-23.763814870854922,-46.69382358708912
GRAJAU,ZEIS_1,-23.774978675605993,-46.69290515139994
GRAJAU,ZEIS_1,-23.764208759493673,-46.68687911155897
GRAJAU,ZEIS_1,-23.76969013027069,-46.68106289925793
GRAJAU,ZEIS_1,-23.748398982498923,-46.674506893921524
GRAJAU,ZEIS_1,-23.74531773031166,-46.669876835583764
GRAJAU,ZEIS_1,-23.745349499307913,-46.66693432203903
GRAJAU,ZEIS_1,-23.755002851504997,-46.66405344277332
GRAJAU,ZEIS_1,-23.752759803012644,-46.65748451955333
GRAJAU,ZEIS_1,-23.74987938783156,-46.66342497763067
GRAJAU,ZEIS_1,-23.779305901023136,-46.698075356451675
GRAJAU,ZEIS_1,-23.744840882821663,-46.69453239364608
GRAJAU,ZEIS_1,-23.742067661571348,-46.70038213827478
GRAJAU,ZEIS_1,-23.741220922862087,-46.66974613416851
GRAJAU,ZEIS_1,-23.743897722444444,-46.67272314737887
GRAJAU,ZEIS_1,-23.794660671954087,-46.63961796085734
GRAJAU,ZEIS_4,-23.76155851687124,-46.681423232768395
GRAJAU,ZEIS_4,-23.778059646643538,-46.68819209384311
GRAJAU,ZEIS_4,-23.758051346678712,-46.69710920635253
GRAJAU,ZEIS_4,-23.770535044391817,-46.702555251253706
GRAJAU,ZEIS_4,-23.779801775131716,-46.69271400327792
GRAJAU,ZEIS_4,-23.771989919682728,-46.6791062363574
GRAJAU,ZEIS_4,-23.778390959789263,-46.708797244420325
GRAJAU,ZEIS_4,-23.77478989034178,-46.70907994931725
GRAJAU,ZEIS_4,-23.761434470386863,-46.685658862102905
GRAJAU,ZEIS_4,-23.766679702942792,-46.69971955614882
GRAJAU,ZEIS_4,-23.765247272116742,-46.67908011532015
GRAJAU,ZEIS_4,-23.760587943158097,-46.690996747036216
GRAJAU,ZMIS_a,-23.75545472791937,-46.67942068903244
GRAJAU,ZM_a,-23.747844038586646,-46.672228230506455
GRAJAU,ZM_a,-23.77498671177511,-46.70554323054686
GRAJAU,ZM_a,-23.748565461571644,-46.6640022912257
GRAJAU,ZM_a,-23.748878354496764,-46.70668857251664
GRAJAU,ZM_a,-23.754982562946875,-46.70435272502169
GRAJAU,ZM_a,-23.76021454746856,-46.70827959597172
GRAJAU,ZM_a,-23.77944954053009,-46.687744813493644
JARAGUA,ZEIS_1,-23.451581587038,-46.72867200642261
JARAGUA,ZEIS_1,-23.433377702334568,-46.72996601668194
JARAGUA,ZEIS_1,-23.435318796658393,-46.738088697884294
JARAGUA,ZEIS_1,-23.438060093514363,-46.73518856394254
JARAGUA,ZEIS_1,-23.42380682794551,-46.7119349758352
JARAGUA,ZEIS_1,-23.42648328599224,-46.71490519847017
JARAGUA,ZEIS_1,-23.43702475263933,-46.724499920546634
JARAGUA,ZEIS_1,-23.43925589001931,-46.74590820641179
JARAGUA,ZEIS_1,-23.44643898815139,-46.75172802108267
JARAGUA,ZEIS_1,-23.45184631247873,-46.70985781750262
JARAGUA,ZEIS_1,-23.44368811481477,-46.71268893078498
JARAGUA,ZEIS_1,-23.451814105111538,-46.71279372519136
JARAGUA,ZEIS_2,-23.448069665396645,-46.72434106279735
JARAGUA,ZEIS_2,-23.43718541159512,-46.74247640872907
JARAGUA,ZEIS_2,-23.4597836181999,-46.73218930053282
JARAGUA,ZEIS_2,-23.464362803572037,-46.7428663181604
JARAGUA,ZEIS_2,-23.461685942231025,-46.74168569292256
JARAGUA,ZEIS_2,-23.448881201126255,-46.751327247517004
JARAGUA,ZEIS_2,-23.4659587237346,-46.75313966441501
JARAGUA,ZEIS_5,-23.43289066339707,-46.74592531311239
JARAGUA,ZEIS_5,-23.44628243795238,-46.71870603798968
JARAGUA,ZMIS_u,-23.443423511238638,-46.72338514542188
JARAGUA,ZM_a,-23.458381390965084,-46.73730094504877
JARAGUA,ZM_a,-23.433387487894475,-46.70932445457719
JARAGUA,ZM_a,-23.442962457698584,-46.725575442063196
JARAGUA,ZM_a,-23.441006619036656,-46.72736953665354
JARAGUA,ZM_a,-23.44167683857299,-46.75360343533438
JARAGUA,ZM_a,-23.45561489095569,-46.72709450005167
JARAGUA,ZM_a,-23.45724026139412,-46.720981225639704
JARAGUA,ZM_a,-23.442595218577843,-46.7514863916321
JARAGUA,ZM_a,-23.448517253675178,-46.75654821852493
JARAGUA,ZM_a,-23.442890237248136,-46.744591173718
JARAGUA,ZM_u,-23.44728177630072,-46.739294175226895
JARAGUA,ZM_u,-23.46189231357096,-46.7435851586334
JARAGUA,ZM_u,-23.47146483774082,-46.757356025232674
BELEM,ZEMP,-23.531571322074345,-46.60657329768982
BELEM,ZM_u,-23.52690580367368,-46.60293561707052
BELEM,ZM_u,-23.534999903864662,-46.593951320950566
BELEM,ZM_u,-23.532220054024673,-46.591731163557526
BELEM,ZM_u,-23.534868627399554,-46.59763960408086
CAPAO REDONDO,ZEIS_1,-23.669963080705994,-46.775144208311744
CAPAO REDONDO,ZEIS_1,-23.682839215715344,-46.79799439801577
CAPAO REDONDO,ZEIS_1,-23.661937420306334,-46.79155004197466
CAPAO REDONDO,ZEIS_1,-23.653947496948255,-46.779678200632254
CAPAO REDONDO,ZEIS_1,-23.659330683306617,-46.782691931320976
CAPAO REDONDO,ZEIS_1,-23.653879856230255,-46.78555877559345
CAPAO REDONDO,ZEIS_1,-23.667285937366128,-46.79256763649031
CAPAO REDONDO,ZEIS_1,-23.690886896676005,-46.7964849801731
CAPAO REDONDO,ZEIS_1,-23.683723797626683,-46.78465156476955
CAPAO REDONDO,ZEIS_1,-23.686432274136326,-46.784688376134575
CAPAO REDONDO,ZEIS_1,-23.675632220186117,-46.7816003914718
CAPAO REDONDO,ZEIS_1,-23.67714237613653,-46.76975134203916
CAPAO REDONDO,ZEIS_1,-23.66737418725895,-46.76181653241476
CAPAO REDONDO,ZEIS_1,-23.675029837948113,-46.79419710248956
CAPAO REDONDO,ZEIS_1,-23.684236951595086,-46.79706328733189
CAPAO REDONDO,ZM_a,-23.691987167839784,-46.7950531468353
SANTANA,ZEMP,-23.50249615465287,-46.632015693330494
SANTANA,ZM_u,-23.490380444263327,-46.63288734410509
SANTANA,ZM_u,-23.490675609631932,-46.63949376940522
SANTANA,ZM_u,-23.492186867818145,-46.64271471813918
SANTANA,ZM_u,-23.49471394430274,-46.63755881798143
CAMPO LIMPO,ZEIS_1,-23.641105319138802,-46.760082679299174
CAMPO LIMPO,ZEIS_1,-23.632727168305035,-46.74905221398664
CAMPO LIMPO,ZEIS_1,-23.62364677062091,-46.746743798514615
CAMPO LIMPO,ZEIS_1,-23.63704775627494,-46.74516842387959
CAMPO LIMPO,ZEIS_1,-23.638877269828605,-46.78255824067803
CAMPO LIMPO,ZEIS_1,-23.64345447732373,-46.77541049398794
CAMPO LIMPO,ZEIS_1,-23.635902275665615,-46.766964940258205
CAMPO LIMPO,ZEIS_1,-23.642597257275856,-46.776907009471174
CAMPO LIMPO,ZEIS_1,-23.6480435450496,-46.771134902297106
CAMPO LIMPO,ZEIS_1,-23.64523401325651,-46.779918754966836
CAMPO LIMPO,ZEIS_1,-23.632950792572775,-46.75523644212474
CAMPO LIMPO,ZEIS_1,-23.643809742326837,-46.74995558067631
CAMPO LIMPO,ZEIS_2,-23.644064544938914,-46.76653898883772
CAMPO LIMPO,ZMIS_u,-23.639610458372992,-46.76145009294259
CAMPO LIMPO,ZM_u,-23.620393652399414,-46.75293354520741
CAMPO LIMPO,ZM_u,-23.63878548631401,-46.75796015593491
CAMPO LIMPO,ZM_u,-23.649013144163938,-46.764037776826726
CAMPO LIMPO,ZM_u,-23.650919371929383,-46.765512799452914
CAMPO LIMPO,ZM_u,-23.655327227990373,-46.765396196039354
CAMPO LIMPO,ZM_u,-23.6497987431882,-46.76885385587532
CAMPO LIMPO,ZM_u,-23.64480136512774,-46.786548042496506
CAMPO LIMPO,ZM_u,-23.62666309412247,-46.7466411758644
CAMPO LIMPO,ZM_u,-23.63025948482841,-46.74966847213373
CAMPO LIMPO,ZM_u,-23.61529394447119,-46.75758372050857
CAMPO LIMPO,ZM_u,-23.639478455797327,-46.76888053983688
CIDADE ADEMAR,ZEIS_1,-23.68055550190577,-46.64804081644953
CIDADE ADEMAR,ZEIS_1,-23.677752687041778,-46.65682990147011
CIDADE ADEMAR,ZEIS_1,-23.686525811556667,-46.64510693783571
CIDADE ADEMAR,ZEIS_1,-23.691943158510533,-46.6451748195897
CIDADE ADEMAR,ZEIS_1,-23.684366425008996,-46.655346376960004
CIDADE ADEMAR,ZEIS_1,-23.681594770967763,-46.661194436062445
CIDADE ADEMAR,ZEIS_1,-23.681601646964747,-46.66722925355573
CIDADE ADEMAR,ZEIS_1,-23.67574570623114,-46.661475847990374
CIDADE ADEMAR,ZEIS_1,-23.68222131423245,-46.646839276011725
CIDADE ADEMAR,ZEIS_1,-23.677205410039512,-46.63287249132992
SAO MATEUS,ZEIS_1,-23.605695241623025,-46.47492373324531
SAO MATEUS,ZEIS_1,-23.597057777535642,-46.479549682327956
SAO MATEUS,ZEIS_1,-23.602716947032775,-46.485847249493744
SAO MATEUS,ZEIS_1,-23.594301717251668,-46.496335399039594
SAO MATEUS,ZEIS_1,-23.605424937078933,-46.48546813505074
SAO MATEUS,ZEIS_1,-23.614021626417074,-46.457499171703766
SAO MATEUS,ZEIS_2,-23.60134615560767,-46.4600766071821
SAO MATEUS,ZEIS_5,-23.59608016512082,-46.47332740911814
SAO MATEUS,ZEIS_5,-23.606630556318503,-46.456490114272434
SAO MATEUS,ZM_a,-23.61545954477929,-46.46750402350991
SAO MATEUS,ZM_a,-23.605332143447537,-46.458985386747194
SAO MATEUS,ZM_a,-23.597149035829457,-46.46420877986241
ARICANDUVA,ZEIS_1,-23.568891502488743,-46.519101433010746
ARICANDUVA,ZEIS_5,-23.559853889932526,-46.51587469884712
ARICANDUVA,ZM_u,-23.58339148873662,-46.51502544476347
VILA CURUCA,ZEIS_1,-23.515687405626206,-46.40289018801882
VILA CURUCA,ZEIS_1,-23.512925318158025,-46.4087368623176
VILA CURUCA,ZEIS_1,-23.510958670598068,-46.41378419103935
VILA CURUCA,ZEIS_1,-23.51453297252374,-46.42673465555484
VILA CURUCA,ZEIS_1,-23.518521953509936,-46.41636830597097
VILA CURUCA,ZEIS_1,-23.506675542224407,-46.40497569836249
VILA CURUCA,ZEIS_1,-23.526417510198034,-46.4002855452423
VILA CURUCA,ZM_u,-23.511032410325615,-46.417181024597035
VILA CURUCA,ZM_u,-23.519187128332202,-46.430216046902856
ITAIM BIBI,ZM_u,-23.591187389184878,-46.68570295093593
ITAIM BIBI,ZM_u,-23.591123474748613,-46.69082516051584
SAO DOMINGOS,ZEIS_1,-23.491699723757993,-46.758443081335535
SAO DOMINGOS,ZEIS_1,-23.483560530286532,-46.75780311002249
SAO DOMINGOS,ZEIS_1,-23.48359362655053,-46.75486657014737
SAO DOMINGOS,ZER_1,-23.497563288833177,-46.73185908846652
SAO DOMINGOS,ZM_u,-23.507186929933937,-46.72479772490163
SAO DOMINGOS,ZM_u,-23.47425287541671,-46.75412305471426
SAO DOMINGOS,ZM_u,-23.498019589034417,-46.75159902069822
VILA LEOPOLDINA,ZM_u,-23.539952982772565,-46.73429626771708
VILA LEOPOLDINA,ZM_u,-23.529361321652893,-46.740899095289905
VILA LEOPOLDINA,ZM_u,-23.518013068040872,-46.727568192393306
VILA LEOPOLDINA,ZM_u,-23.53973446099581,-46.73996010178498
FREGUESIA DO O,ZEIS_2,-23.467821070031583,-46.71061760024086
FREGUESIA DO O,ZEMP,-23.502842940024664,-46.701629672865415
FREGUESIA DO O,ZM_u,-23.480142736618195,-46.69592762952235
FREGUESIA DO O,ZM_u,-23.493223043821196,-46.70752739642204
CASA VERDE,ZEMP,-23.505696796239732,-46.6656525478102
CASA VERDE,ZM_u,-23.5035021365971,-46.6535476061202
CASA VERDE,ZM_u,-23.487697507962082,-46.65979904392679
CASA VERDE,ZM_u,-23.48654161975503,-46.66196045629019
MOOCA,ZM_u,-23.54935068334063,-46.59899510044465
MOOCA,ZM_u,-23.551424768079716,-46.59365732051241
MOOCA,ZM_u,-23.557861901769446,-46.607499355161664
BRASILANDIA,ZEIS_1,-23.466097620109675,-46.68491802737578
BRASILANDIA,ZEIS_1,-23.46281192316531,-46.69475708527919
BRASILANDIA,ZEIS_1,-23.46327855538802,-46.69237457248991
BRASILANDIA,ZEIS_1,-23.460665203551137,-46.68353162014948
BRASILANDIA,ZEIS_1,-23.46337390314485,-46.683565979810034
BRASILANDIA,ZEIS_1,-23.467043283284962,-46.67970160907888
BRASILANDIA,ZEIS_1,-23.45586460977029,-46.70999580914814
BRASILANDIA,ZEIS_1,-23.447857005937134,-46.697598868569635
BRASILANDIA,ZEIS_1,-23.450629476124284,-46.691761682270354
BRASILANDIA,ZEIS_1,-23.45075638552372,-46.68001799673506
BRASILANDIA,ZEIS_1,-23.45420163698191,-46.70819910743444
BRASILANDIA,ZEIS_1,-23.455367020864763,-46.70076497770725
BRASILANDIA,ZEIS_1,-23.45810768784517,-46.697863615703966
BRASILANDIA,ZEIS_1,-23.46081636823109,-46.697898263554826
BRASILANDIA,ZEIS_1,-23.441410748919125,-46.70750753586897
BRASILANDIA,ZEIS_1,-23.446105149384138,-46.701550656105745
BRASILANDIA,ZEIS_1,-23.476359586512405,-46.68536204722536
BRASILANDIA,ZEIS_1,-23.47916015400857,-46.68469045935778
BRASILANDIA,ZM_u,-23.46005770047729,-46.69235396800226
SACOMA,ZEIS_1,-23.620686267236163,-46.59094872758451
SACOMA,ZEIS_1,-23.609851178832923,-46.59081790044811
SACOMA,ZEIS_1,-23.652547921998202,-46.60562856239122
SACOMA,ZEIS_1,-23.65189570382774,-46.596366391980965
SACOMA,ZEIS_2,-23.655190736822075,-46.60724254241227
SACOMA,ZM_u,-23.619401883987955,-46.5989898928876
SACOMA,ZM_u,-23.61512184161815,-46.58660227584828
SACOMA,ZM_u,-23.614017996533224,-46.58249988330933
SACOMA,ZM_u,-23.625125673345686,-46.58525088259222
SACOMA,ZM_u,-23.631406423737673,-46.5898174828489
SACOMA,ZM_u,-23.61656506854706,-46.58546982227762
SACOMA,ZM_u,-23.610716378524806,-46.586920674323544
SACOMA,ZM_u,-23.65754393898062,-46.61275780275835
SACOMA,ZM_u,-23.607727870524933,-46.59262327602481
SACOMA,ZM_u,-23.642250324339145,-46.599899932329464
SACOMA,ZM_u,-23.627208617120043,-46.6034165614434
LIMAO,ZEIS_1,-23.494051233465672,-46.66936583888429
LIMAO,ZEIS_1,-23.50453781637449,-46.686158843792995
LIMAO,ZEIS_1,-23.509760051137924,-46.67741351114759
LIMAO,ZEMP,-23.502800714632972,-46.66975878263741
LIMAO,ZEMP,-23.500881844668953,-46.68601848826771
LIMAO,ZEMP,-23.50687540171831,-46.67586793703197
LIMAO,ZEMP,-23.50335394453161,-46.67706898131714
LIMAO,ZM_u,-23.4975341339958,-46.67060650263912
ITAIM PAULISTA,ZEIS_1,-23.519773942296588,-46.3964356872981
ITAIM PAULISTA,ZEIS_1,-23.517117485969184,-46.3905315164271
ITAIM PAULISTA,ZEIS_1,-23.504718589554095,-46.389661632750986
ITAIM PAULISTA,ZEIS_1,-23.50393467713689,-46.36981449190852
ITAIM PAULISTA,ZEIS_1,-23.503960484754842,-46.36687695563847
ITAIM PAULISTA,ZEIS_1,-23.514786605312626,-46.37435250400517
ITAIM PAULISTA,ZEIS_1,-23.49857507968972,-46.390694323406024
ITAIM PAULISTA,ZEIS_1,-23.50412631339016,-46.379613735563154
ITAIM PAULISTA,ZEIS_1,-23.512227464025916,-46.38263610258905
ITAIM PAULISTA,ZEIS_1,-23.50149504356571,-46.37077310529434
ITAIM PAULISTA,ZEIS_1,-23.50571343334871,-46.40494594797194
ITAIM PAULISTA,ZEIS_1,-23.49549542346384,-46.382440602309025
ITAIM PAULISTA,ZM_u,-23.507651059829634,-46.39897652492149
PEDREIRA,ZEIS_1,-23.692791082704712,-46.650070048246604
PEDREIRA,ZEIS_1,-23.695608848080504,-46.64710107674429
PEDREIRA,ZEIS_1,-23.69573360832337,-46.63533531723597
PEDREIRA,ZEIS_1,-23.6984422923692,-46.6353690687757
PEDREIRA,ZEIS_1,-23.68961891077341,-46.66272999557978
PEDREIRA,ZEIS_1,-23.711883379013397,-46.655329990486955
PEDREIRA,ZEIS_1,-23.71044451587135,-46.659865096761564
PEDREIRA,ZEIS_1,-23.711113250568037,-46.61983685977788
PEDREIRA,ZEIS_1,-23.70840454999,-46.61980340864171
PEDREIRA,ZEIS_1,-23.688134112484818,-46.657832602032315
PEDREIRA,ZEIS_1,-23.687983142898076,-46.652968117130115
PEDREIRA,ZEIS_4,-23.700135853500758,-46.632643327741995
PEDREIRA,ZEIS_4,-23.708306511625015,-46.650551002833545
PEDREIRA,ZER_a,-23.719625973930487,-46.64293116264921
PEDREIRA,ZER_a,-23.722365867583477,-46.64002307166405
PEDREIRA,ZER_a,-23.722272014969263,-46.64884916943076
PEDREIRA,ZER_a,-23.71971947908593,-46.634105216745596
PEDREIRA,ZER_a,-23.715441118874214,-46.63652428911501
PEDREIRA,ZER_a,-23.722567263558958,-46.63716840622262
PEDREIRA,ZM_a,-23.691272170211054,-46.6566201110159
PEDREIRA,ZM_a,-23.71260888292462,-46.62590013850742
PEDREIRA,ZM_a,-23.713505972910884,-46.62043980297714
PEDREIRA,ZM_a,-23.71501171759956,-46.630713291274944
PEDREIRA,ZM_a,-23.710960221489206,-46.6270029195833
PEDREIRA,ZM_a,-23.709251689427674,-46.63199541628431
PEDREIRA,ZM_a,-23.71156682782986,-46.63358671717989
PEDREIRA,ZM_a,-23.71316585041391,-46.631745707179356
PEDREIRA,ZM_a,-23.71669640631974,-46.628564980153726
PEDREIRA,ZM_a,-23.704078059227648,-46.644864801078704
MANDAQUI,ZM_a,-23.452269660238766,-46.644462128881145
MANDAQUI,ZM_a,-23.452185486848396,-46.649937387003654
MANDAQUI,ZM_u,-23.47050571648547,-46.6371587568511
MANDAQUI,ZM_u,-23.479658809035037,-46.64130683431409
AGUA RASA,ZM_u,-23.570184441531808,-46.57759145026443
AGUA RASA,ZM_u,-23.571185155685715,-46.575140785295815
BOM RETIRO,ZEIS_3,-23.521274451931507,-46.63852379424446
BOM RETIRO,ZM_u,-23.522957190014058,-46.63453761350043
BOM RETIRO,ZM_u,-23.51945477629499,-46.64251017549508
ERMELINO MATARAZZO,ZEIS_1,-23.48137079335434,-46.49386897675354
ERMELINO MATARAZZO,ZEIS_1,-23.49499952246791,-46.48749395393509
ERMELINO MATARAZZO,ZEIS_1,-23.496785085833864,-46.46959557485232
ERMELINO MATARAZZO,ZEIS_1,-23.487120727244076,-46.49218458268713
ERMELINO MATARAZZO,ZEIS_1,-23.49124204352096,-46.49888501749054
ERMELINO MATARAZZO,ZEIS_1,-23.488393883804186,-46.4864868723713
ERMELINO MATARAZZO,ZEIS_1,-23.488387351705676,-46.47532799515465
ERMELINO MATARAZZO,ZEIS_1,-23.500927447972277,-46.49318287440714
ERMELINO MATARAZZO,ZEIS_5,-23.48259965872149,-46.481792014615166
ERMELINO MATARAZZO,ZEIS_5,-23.48329245462876,-46.47738107098271
ERMELINO MATARAZZO,ZM_u,-23.503513826504992,-46.484015117780274
SANTO AMARO,ZEMP,-23.65691065192501,-46.70131267524712
SANTO AMARO,ZER_1,-23.638656891966406,-46.685751239877725
SANTO AMARO,ZER_1,-23.635865427015084,-46.68909686271248
SANTO AMARO,ZER_1,-23.649167483456083,-46.67983950776751
SANTO AMARO,ZER_1,-23.640647368789825,-46.6820859806894
SANTO AMARO,ZER_1,-23.639601222502566,-46.6909805717164
SANTO AMARO,ZER_1,-23.634337637974774,-46.68242235804323
SANTO AMARO,ZER_1,-23.64470117252598,-46.6835080836843
SANTO AMARO,ZER_1,-23.648413824776544,-46.68149632686567
SANTO AMARO,ZER_1,-23.644382283715927,-46.68185740870737
SANTO AMARO,ZER_1,-23.644535677725862,-46.68509999082373
SANTO AMARO,ZER_1,-23.644208012733404,-46.68023323803845
SANTO AMARO,ZER_1,-23.65232144166451,-46.69210925127824
SANTO AMARO,ZER_1,-23.645847924410706,-46.69292259434046
SANTO AMARO,ZM_u,-23.624614606866707,-46.70155991908938
SANTO AMARO,ZM_u,-23.642081380132918,-46.7181210729218
SANTO AMARO,ZM_u,-23.642920161109174,-46.72189548079635
SANTO AMARO,ZM_u,-23.634974241393515,-46.716423130377244
SANTO AMARO,ZM_u,-23.628514739723467,-46.71102755527185
SANTO AMARO,ZM_u,-23.627882628702306,-46.69642558351415
SANTO AMARO,ZM_u,-23.62259733605014,-46.69726648971486
SANTO AMARO,ZM_u,-23.63305807805224,-46.7077019606393
VILA MARIANA,ZM_u,-23.589554894516382,-46.6293897834219
VILA MARIANA,ZM_u,-23.58556838000949,-46.62623742317123
BARRA FUNDA,ZM_u,-23.51635009655977,-46.676038628252314
BARRA FUNDA,ZM_u,-23.517645933642044,-46.65753098697598
BARRA FUNDA,ZM_u,-23.524392558826012,-46.663670184942056
BARRA FUNDA,ZM_u,-23.517615984877494,-46.66854048196843
BARRA FUNDA,ZM_u,-23.52202036610982,-46.67659365214091
BARRA FUNDA,ZM_u,-23.519771477523776,-46.65877945619059
BARRA FUNDA,ZM_u,-23.51488699857093,-46.68323945526271
BARRA FUNDA,ZM_u,-23.519482105006485,-46.670805593036995
BARRA FUNDA,ZM_u,-23.517343488283696,-46.66325116181916
BARRA FUNDA,ZM_u,-23.517005494604035,-46.66415216710506
BARRA FUNDA,ZM_u,-23.527281471908704,-46.66979036998913
BARRA FUNDA,ZM_u,-23.52002405155588,-46.68038233040268
BARRA FUNDA,ZM_u,-23.520790136207147,-46.683733142816564
BARRA FUNDA,ZM_u,-23.525274985920216,-46.671316326427295
JARDIM HELENA,ZEIS_1,-23.47594641204616,-46.41754457134488
JARDIM HELENA,ZEIS_1,-23.47489106518957,-46.42866595883584
JARDIM HELENA,ZEIS_1,-23.49150477109852,-46.415616793644304
JARDIM HELENA,ZEIS_1,-23.486166489367243,-46.40674767213105
JARDIM HELENA,ZEIS_1,-23.47527718894674,-46.41250642800976
JARDIM HELENA,ZEIS_1,-23.486113352973792,-46.41262185216065
JARDIM HELENA,ZEIS_1,-23.49078602463267,-46.39597827112067
JARDIM HELENA,ZEIS_1,-23.480987337851015,-46.385541058283785
JARDIM HELENA,ZEIS_1,-23.478278265104812,-46.38551275589389
JARDIM HELENA,ZEIS_2,-23.478293830199615,-46.38146034243083
SANTA CECILIA,ZEIS_3,-23.527135144579738,-46.657249784571334
VILA MATILDE,ZEIS_2,-23.55070369626991,-46.518661387039224
VILA MATILDE,ZM_u,-23.52975318030117,-46.50315640373305
VILA MATILDE,ZM_u,-23.544104093662604,-46.525349409826326
PERUS,ZEIS_1,-23.41384784397094,-46.75011923309372
PERUS,ZEIS_1,-23.41658932875214,-46.747219800496296
PERUS,ZEIS_1,-23.38963980217624,-46.73481202883183
PERUS,ZEIS_1,-23.407659012988525,-46.74283799055107
PERUS,ZEIS_1,-23.4048458030992,-46.761150438018795
PERUS,ZEIS_1,-23.419739651544212,-46.71596556215497
PERUS,ZEIS_1,-23.39731310948974,-46.75174534139108
PERUS,ZEIS_2,-23.39023420545799,-46.73582466100906
PERUS,ZEIS_2,-23.40328566205163,-46.74125190032291
PERUS,ZEIS_2,-23.41973886290872,-46.74816131479083
PERUS,ZEIS_2,-23.40288554904921,-46.75782026373463
PERUS,ZEIS_2,-23.401645611690117,-46.7649273166749
PERUS,ZEIS_2,-23.399619429737392,-46.722099006994746
PERUS,ZMIS_u,-23.399787991004988,-46.74310455273915
PERUS,ZM_a,-23.430296872928817,-46.755815485817486
PERUS,ZM_a,-23.394272193176267,-46.73160753873869
PERUS,ZM_a,-23.400175236566895,-46.72936906154951
PERUS,ZM_a,-23.399584105845545,-46.731870305540745
PERUS,ZM_a,-23.398331465962556,-46.737546946932575
PERUS,ZM_a,-23.396721016536993,-46.722679633041736
PERUS,ZM_a,-23.39563522149163,-46.739726887334626
PERUS,ZM_u,-23.411191273618808,-46.737413089748294
PERUS,ZM_u,-23.407791480393957,-46.738664922110274
PERUS,ZM_u,-23.400309681522025,-46.75656386147786
PERUS,ZM_u,-23.400516992950333,-46.72828833973729
ARTUR ALVIM,ZEIS_1,-23.527399549534024,-46.481856845697195
ARTUR ALVIM,ZEIS_1,-23.546958744076207,-46.486129415148746
ARTUR ALVIM,ZM_u,-23.550457416521184,-46.485731215017374
ARTUR ALVIM,ZM_u,-23.545997559402927,-46.47736452924169
CAMPO BELO,ZM_u,-23.635924261461604,-46.66594396081416
JABAQUARA,ZEIS_1,-23.66369265913036,-46.656410458475236
JABAQUARA,ZEIS_1,-23.663493151423243,-46.647945219398224
JABAQUARA,ZEIS_1,-23.67187247514819,-46.63359879869866
JABAQUARA,ZEIS_1,-23.667193571939567,-46.64133047321718
JABAQUARA,ZEIS_1,-23.67048642933389,-46.63949335687111
JABAQUARA,ZEIS_1,-23.666580719941283,-46.64617157745567
JABAQUARA,ZEIS_3,-23.66696772779047,-46.63465215313359
JABAQUARA,ZM_u,-23.66473759308866,-46.629973940310684
JABAQUARA,ZM_u,-23.641770580173564,-46.66003999167781
JARDIM ANGELA,ZEIS_1,-23.69957989718343,-46.78926785854049
JARDIM ANGELA,ZEIS_1,-23.696837400458307,-46.79217216515036
JARDIM ANGELA,ZEIS_1,-23.696803313028877,-46.795113395044716
JARDIM ANGELA,ZEIS_1,-23.68050937397381,-46.753002372775136
JARDIM ANGELA,ZEIS_1,-23.728448486566755,-46.7804693844416
JARDIM ANGELA,ZEIS_1,-23.726292861565167,-46.76857265920004
JARDIM ANGELA,ZEIS_1,-23.72104339812374,-46.75379045314247
JARDIM ANGELA,ZEIS_1,-23.729102059317498,-46.759783213135755
JARDIM ANGELA,ZEIS_1,-23.72361799338755,-46.76559423823068
JARDIM ANGELA,ZEIS_1,-23.72913551828782,-46.756841202456066
JARDIM ANGELA,ZEIS_1,-23.723685061939484,-46.75971047602103
JARDIM ANGELA,ZEIS_1,-23.736272844442446,-46.787938935849006
JARDIM ANGELA,ZEIS_1,-23.73359839005371,-46.78495990433853
JARDIM ANGELA,ZEIS_1,-23.736408525703816,-46.776170396073205
JARDIM ANGELA,ZEIS_1,-23.701097428454464,-46.786610603800504
JARDIM ANGELA,ZEIS_1,-23.748304777311148,-46.77703026131856
JARDIM ANGELA,ZEIS_1,-23.751570414059966,-46.77472806111531
JARDIM ANGELA,ZEIS_1,-23.694998698518024,-46.77806036382268
JARDIM ANGELA,ZEIS_1,-23.711794631134993,-46.77715678211817
JARDIM ANGELA,ZEIS_1,-23.71586601305214,-46.78050801155651
JARDIM ANGELA,ZEIS_1,-23.683794007128135,-46.7639230963749
JARDIM ANGELA,ZEIS_1,-23.683760473740044,-46.76686407941553
JARDIM ANGELA,ZEIS_1,-23.736264856619027,-46.79206219370391
JARDIM ANGELA,ZEIS_1,-23.73359048678516,-46.78908308380727
JARDIM ANGELA,ZEIS_1,-23.68753132664579,-46.779805120644866
JARDIM ANGELA,ZEIS_1,-23.687463590866567,-46.78568719788344
JARDIM ANGELA,ZEIS_1,-23.687565110820877,-46.77686407381539
JARDIM ANGELA,ZEIS_1,-23.685496570532212,-46.758309596049564
JARDIM ANGELA,ZEIS_1,-23.69091894967266,-46.767981048491365
JARDIM ANGELA,ZEIS_1,-23.69816074149577,-46.76033804686539
JARDIM ANGELA,ZEIS_1,-23.70083576002844,-46.763315752878455
JARDIM ANGELA,ZEIS_1,-23.731525118091227,-46.77292568559083
JARDIM ANGELA,ZEIS_2,-23.672952499911762,-46.761186532167635
JARDIM ANGELA,ZEIS_4,-23.69638139848048,-46.764689086255935
JARDIM ANGELA,ZEIS_4,-23.69553491004489,-46.770458263188786
JARDIM ANGELA,ZEIS_4,-23.701713230568153,-46.78714025418042
JARDIM ANGELA,ZEIS_4,-23.70948686355989,-46.78403211943619
JARDIM ANGELA,ZEIS_4,-23.731795149917,-46.7790369014674
JARDIM ANGELA,ZEIS_4,-23.706924356891612,-46.77268111586356
JARDIM ANGELA,ZEIS_4,-23.694709486537775,-46.769284767094454
JARDIM ANGELA,ZEIS_4,-23.732463671021414,-46.76906746287329
JARDIM ANGELA,ZM_a,-23.699657331576894,-46.77585615681223
JARDIM ANGELA,ZM_a,-23.704961442240826,-46.78864933120094
BRAS,ZEIS_3,-23.54492897787185,-46.61203888538793
PARQUE DO CARMO,ZEIS_1,-23.58408142685725,-46.450058822363566
PARQUE DO CARMO,ZEIS_1,-23.57768264041227,-46.48514302225227
PARQUE DO CARMO,ZEIS_1,-23.56130253652242,-46.47227741604792
PARQUE DO CARMO,ZEIS_1,-23.575654625634392,-46.45180949777255
PARQUE DO CARMO,ZEIS_5,-23.563870042277536,-46.464808282455905
PARQUE DO CARMO,ZM_a,-23.58432749204875,-46.47788816586337
PARQUE DO CARMO,ZM_a,-23.5964726253438,-46.46139996264256
JACANA,ZEIS_1,-23.456534760873343,-46.57914046942068
JACANA,ZEIS_1,-23.462798326238453,-46.57058201505454
JACANA,ZEIS_1,-23.44139759709136,-46.56757074601401
JACANA,ZEIS_1,-23.448517428020423,-46.57401699884163
JACANA,ZM_u,-23.465757510975624,-46.58112393194374
JACANA,ZM_u,-23.46385028631742,-46.58801841540439
SOCORRO,ZM_a,-23.688302274566762,-46.706473137939504
SOCORRO,ZM_a,-23.687857896820084,-46.70911566224191
PARI,ZM_u,-23.527262355895342,-46.62241182791393
PARI,ZM_u,-23.520904871418583,-46.622207233090954
MARSILAC,ZEIS_1,-23.88335974244607,-46.74062785396781
MARSILAC,ZEIS_1,-23.87812575924115,-46.738598645631306
MARSILAC,ZEIS_1,-23.870503868809077,-46.768185884205145
MARSILAC,ZM_a,-23.909364700308824,-46.70505936461922
SE,ZEIS_3,-23.552263409860423,-46.62822079127409
TUCURUVI,ZER_1,-23.465756305235665,-46.612701769024646
